01/05/2021;TP. Ho?Ì Chiì Minh;3;T?i
01/05/2021;HaÌ TiÞnh;3;T?i
01/05/2021;QuaÒng Ninh;3;T?i
01/05/2021;HaÌ Nam;3;T?i
01/05/2021;Ðà N?ng;2;T?i
02/05/2021;C?n Thõ;4;T?i
02/05/2021;Ðà N?ng;2;T?i
02/05/2021;Khánh H?a;5;T?i
02/05/2021;Hà Nam;2;T?i
02/05/2021;V?nh Phúc;6;T?i
02/05/2021;Ð?ng Nai;1;T?i
03/05/2021;Kiên Giang;1;T?i
03/05/2021;Ðà N?ng;2;T?i
03/05/2021;Khánh H?a;5;T?i
03/05/2021;V?nh Phúc;8;T?i
03/05/2021;Hà Nam;2;T?i
03/05/2021;Bà R?a_V?ng Tàu;1;T?i
04/05/2021;ÐaÌ Na?Þng;1;sáng
04/05/2021;HaÌ Noò?i;1;sáng
05/05/2021;An Giang;2;sáng
04/05/2021;Hýng Yên;2;T?i
04/05/2021;TP. H? Chí Minh;3;T?i
04/05/2021;Ðà N?ng;3;T?i
04/05/2021;Hà T?nh;1;T?i
04/05/2021;Khánh H?a;1;T?i
04/05/2021;HaÌ Noò?i;1;T?i
05/05/2021;Tây Ninh;1;T?i
05/05/2021;H?i Dýõng;2;T?i
05/05/2021;Sóc Trãng;2;T?i
05/05/2021;Ðà N?ng;2;T?i
05/05/2021;TP H? Chí Minh;1;T?i
05/05/2021;Hà N?i;1;T?i
05/05/2021;Ð?ng Nai;1;T?i
05/05/2021;Qu?ng Nam;1;T?i
05/05/2021;Long An;1;T?i
05/05/2021;B?nh vi?n B?nh nhi?t ð?i Trung ýõng;14;T?i
06/05/2021;B?nh vi?n B?nh nhi?t ð?i Trung ýõng cõ s? Ðông Anh;8;sáng
06/05/2021;Thaìi Nguye?n;1;T?i
06/05/2021;HaÌ TiÞnh;1;T?i
06/05/2021;Khaình HoÌa;2;T?i
06/05/2021;ViÞnh Phuìc;11;T?i
06/05/2021;Thaìi BiÌnh;5;T?i
06/05/2021;Ba?ìc Ninh;12;T?i
06/05/2021;HaÌ Noò?i;4;T?i
06/05/2021;HaÒi Du?o?ng;1;T?i
06/05/2021;Hu?ng Ye?n;2;T?i
06/05/2021;QuaÒng NgaÞi;1;T?i
06/05/2021;Beò?nh vieò?n Beò?nh nhieò?t ðo?ìi Trung u?o?ng;16;T?i
06/05/2021;ÐaÌ Na?Þng;3;T?i
06/05/2021;Laòng So?n;1;T?i
07/05/2021;Thanh Hóa;1;Sáng
07/05/2021;Ho?Ì Chiì Minh;2;T?i
07/05/2021;ÐaÌ Na?Þng;2;T?i
07/05/2021;QuaÒng Triò;1;T?i
07/05/2021;BiÌnh Thuaò?n;1;T?i
07/05/2021;HaÌ Noò?i;24;T?i
07/05/2021;HaÒi Du?o?ng;1;T?i
07/05/2021;Ðieò?n Bie?n;1;T?i
07/05/2021;HaÌ Nam;1;T?i
07/05/2021;Ngheò? An;1;T?i
07/05/2021;Hu?ng Ye?n;4;T?i
07/05/2021;Nam Ðiònh;1;T?i
07/05/2021;ÐaÌ Na?Þng;5;T?i
07/05/2021;Phuì Thoò;1;T?i
07/05/2021;ViÞnh Phuìc;1;T?i
08/05/2021;HaÌ Noò?i;1;Sáng
08/05/2021;Ba?ìc Ninh;14;Sáng
08/05/2021;HaÌ TiÞnh;1;T?i
08/05/2021;HaÌ Noò?i;4;T?i
08/05/2021;Ca?Ìn Tho?;3;T?i
08/05/2021;Ho?Ì Chiì Minh;1;T?i
08/05/2021;An Giang;3;T?i
08/05/2021;ÐaÌ Na?Þng;1;T?i
08/05/2021;QuaÒng Ninh;1;T?i
08/05/2021;Ba?ìc Giang;1;T?i
08/05/2021;Hu?ng Ye?n;3;T?i
08/05/2021;HaÌ Noò?i;22;T?i
08/05/2021;HaÒi Du?o?ng;1;T?i
08/05/2021;Ba?ìc Ninh;17;T?i
08/05/2021;Thaìi BiÌnh;1;T?i
08/05/2021;ViÞnh Phuìc;7;T?i
08/05/2021;HaÒi PhoÌng;1;T?i
08/05/2021;Hue?ì;1;T?i
08/05/2021;ÐaÌ Na?Þng;8;T?i
08/05/2021;Nam Ðiònh;1;T?i
08/05/2021;QuaÒng Nam;1;T?i
09/05/2021;Beò?nh vieò?n Beò?nh nhieò?t ðo?ìi Trung u?o?ng co? so?Ò Ðo?ng Anh;6;Sáng
09/05/2021;Ða?ìk La?ìk;1;Sáng
09/05/2021;HaÌ Nam;1;Sáng
09/05/2021;Laòng So?n;2;Sáng
09/05/2021;Ba?ìc Giang;5;Sáng
09/05/2021;HaÌ TiÞnh;1;T?i
09/05/2021;Tie?Ìn Giang;2;T?i
09/05/2021;ViÞnh Long;5;T?i
09/05/2021;HaÌ Noò?i;1;T?i
09/05/2021;QuaÒng Triò;1;T?i
09/05/2021;Ba?ìc Giang;26;T?i
09/05/2021;Ba?ìc Ninh;15;T?i
09/05/2021;HaÌ Noò?i;11;T?i
09/05/2021;Hu?ng Ye?n;2;T?i
09/05/2021;HoaÌ BiÌnh;2;T?i
09/05/2021;ÐaÌ Na?Þng;17;T?i
09/05/2021;Hue?ì;2;T?i
09/05/2021;QuaÒng Nam;1;T?i
09/05/2021;QuaÒng Triò;1;T?i
10/05/2021;Ba?ìc Ninh;27;Sáng
10/05/2021;ViÞnh Phuìc;19;Sáng
10/05/2021;ÐaÌ Na?Þng;13;Sáng
10/05/2021;Ba?ìc Giang;5;Sáng
10/05/2021;HaÌ Noò?i;9;Sáng
10/05/2021;HoÌa BiÌnh;2;Sáng
10/05/2021;Ða?ìk La?ìk;1;Sáng
10/05/2021;Ðieò?n Bie?n;1;Sáng
10/05/2021;Laòng So?n;1;Sáng
10/05/2021;Ð?ng Nai;2;Sáng
10/05/2021;BaÌ Riòa - VuÞng TaÌu;1;Trýa
10/05/2021;HaÌ Noò?i;21;Trýa
10/05/2021;Beò?nh vieò?n Beò?nh Nhieò?t ðo?ìi Trung u?o?ng co? so?Ò Ðo?ng Anh;12;Trýa
10/05/2021;Ba?ìc Giang;7;Trýa
10/05/2021;HoÌa BiÌnh;1;Trýa
10/05/2021;ÐaÌ Na?Þng;1;Trýa
10/05/2021;HaÒi Du?o?ng;1;Trýa
10/05/2021;HaÌ TiÞnh;1;T?i
10/05/2021;Hu?ng Ye?n;6;T?i
10/05/2021;ÐaÌ Na?Þng;4;T?i
10/05/2021;Ba?ìc Giang;3;T?i
10/05/2021;HaÌ Noò?i;2;T?i
10/05/2021;ViÞnh Phuìc;1;T?i
