05/01/2021;TP. H? Chiì Minh;3;T?i
05/01/2021;HaÌ TiÞnh;3;T?i
05/01/2021;QuaÒng Ninh;3;T?i
05/01/2021;HaÌ Nam;3;T?i
05/01/2021;Ðà N?ng;2;T?i
05/02/2021;C?n Thõ;4;T?i
05/02/2021;Ðà N?ng;2;T?i
05/02/2021;Khánh H?a;5;T?i
05/02/2021;Hà Nam;2;T?i
05/02/2021;V?nh Phúc;6;T?i
05/02/2021;Ð?ng Nai;1;T?i
05/03/2021;Kiên Giang;1;T?i
05/03/2021;Ðà N?ng;2;T?i
05/03/2021;Khánh H?a;5;T?i
05/03/2021;V?nh Phúc;8;T?i
05/03/2021;Hà Nam;2;T?i
05/03/2021;Bà R?a_V?ng Tàu;1;T?i
05/04/2021;ÐaÌ N?ng;1;sáng
05/04/2021;HaÌ N?i;1;sáng
05/05/2021;An Giang;2;sáng
05/04/2021;Hýng Yên;2;T?i
05/04/2021;TP. H? Chí Minh;3;T?i
05/04/2021;Ðà N?ng;3;T?i
05/04/2021;Hà T?nh;1;T?i
05/04/2021;Khánh H?a;1;T?i
05/04/2021;HaÌ N?i;1;T?i
05/05/2021;Tây Ninh;1;T?i
05/05/2021;H?i Dýõng;2;T?i
05/05/2021;Sóc Trãng;2;T?i
05/05/2021;Ðà N?ng;2;T?i
05/05/2021;TP H? Chí Minh;1;T?i
05/05/2021;Hà N?i;1;T?i
05/05/2021;Ð?ng Nai;1;T?i
05/05/2021;Qu?ng Nam;1;T?i
05/05/2021;Long An;1;T?i
05/05/2021;B?nh vi?n B?nh Nhi?t ð?i Trung ýõng;14;T?i
05/06/2021;B?nh vi?n B?nh Nhi?t ð?i Trung ýõng;8;sáng
05/06/2021;Thaìi Nguyên;1;T?i
05/06/2021;HaÌ TiÞnh;1;T?i
05/06/2021;Khaình HoÌa;2;T?i
05/06/2021;ViÞnh Phuìc;11;T?i
05/06/2021;Thaìi BiÌnh;5;T?i
05/06/2021;B?c Ninh;12;T?i
05/06/2021;HaÌ N?i;4;T?i
05/06/2021;HaÒi Dýõng;1;T?i
05/06/2021;Hýng Yên;2;T?i
05/06/2021;QuaÒng NgaÞi;1;T?i
05/06/2021;B?nh vi?n B?nh nhi?t ð?i Trung ýõng;16;T?i
05/06/2021;ÐaÌ N?ng;3;T?i
05/06/2021;Laòng Sõn;1;T?i
05/07/2021;Thanh Hóa;1;Sáng
05/07/2021;H? Chiì Minh;2;T?i
05/07/2021;ÐaÌ N?ng;2;T?i
05/07/2021;QuaÒng Nam;1;T?i
05/07/2021;BiÌnh Thu?n;1;T?i
05/07/2021;HaÌ N?i;24;T?i
05/07/2021;HaÒi Dýõng;1;T?i
05/07/2021;Ði?n Biên;1;T?i
05/07/2021;HaÌ Nam;1;T?i
05/07/2021;Ngh? An;1;T?i
05/07/2021;Hýng Yên;4;T?i
05/07/2021;Nam Ðiònh;1;T?i
05/07/2021;ÐaÌ N?ng;5;T?i
05/07/2021;Phuì Thoò;1;T?i
05/07/2021;ViÞnh Phuìc;1;T?i
05/08/2021;HaÌ Nôi;1;Sáng
05/08/2021;B?c Ninh;14;Sáng
05/08/2021;HaÌ TiÞnh;1;T?i
05/08/2021;HaÌ N?i;4;T?i
05/08/2021;C?n Thõ;3;T?i
05/08/2021;H? Chiì Minh;1;T?i
05/08/2021;An Giang;3;T?i
05/08/2021;ÐaÌ N?ng;1;T?i
05/08/2021;QuaÒng Ninh;1;T?i
05/08/2021;B?c Giang;1;T?i
05/08/2021;Hýng Yên;3;T?i
05/08/2021;HaÌ N?i;22;T?i
05/08/2021;HaÒi Dýõng;1;T?i
05/08/2021;B?c Ninh;17;T?i
05/08/2021;Thaìi BiÌnh;1;T?i
05/08/2021;ViÞnh Phuìc;7;T?i
05/08/2021;HaÒi PhoÌng;1;T?i
05/08/2021;Hu?;1;T?i
05/08/2021;ÐaÌ N?ng;8;T?i
05/08/2021;Nam Ðiònh;1;T?i
05/08/2021;QuaÒng Nam;1;T?i
05/09/2021;B?nh vi?n B?nh nhi?t ð?i Trung ýõng cõ s? Ðông Anh;6;Sáng
05/09/2021;Ð?k L?k;1;Sáng
05/09/2021;HaÌ Nam;1;Sáng
05/09/2021;Laòng Sõn;2;Sáng
05/09/2021;B?c Giang;5;Sáng
05/09/2021;HaÌ TiÞnh;1;T?i
05/09/2021;Tiêdn Giang;2;T?i
05/09/2021;ViÞnh Long;5;T?i
05/09/2021;HaÌ N?i;1;T?i
05/09/2021;QuaÒng T?iò;1;T?i
05/09/2021;B?c Giang;26;T?i
05/09/2021;B?c Ninh;15;T?i
05/09/2021;HaÌ N?i;11;T?i
05/09/2021;Hýng Yên;2;T?i
05/09/2021;HoaÌ BiÌnh;2;T?i
05/09/2021;ÐaÌ N?ng;17;T?i
05/09/2021;Hu?;2;T?i
05/09/2021;QuaÒng Nam;1;T?i
05/09/2021;QuaÒng T?iò;1;T?i
05/10/2021;B?c Ninh;27;Sáng
05/10/2021;ViÞnh Phuìc;19;Sáng
05/10/2021;ÐaÌ N?ng;13;Sáng
05/10/2021;B?c Giang;5;Sáng
05/10/2021;HaÌ N?i;9;Sáng
05/10/2021;HoÌa BiÌnh;2;Sáng
05/10/2021;Ð?k L?k;1;Sáng
05/10/2021;Ði?n Biên;1;Sáng
05/10/2021;Laòng Sõn;1;Sáng
05/10/2021;Ð?ng Nai;2;Sáng
05/10/2021;BaÌ Riòa - VuÞng TaÌu;1;Trýa
05/10/2021;HaÌ N?i;21;Trýa
05/10/2021;B?nh vi?n B?nh Nhi?t ð?i Trung ýõng cõ s? Ðông ANh;12;Trýa
05/10/2021;B?c Giang;7;Trýa
05/10/2021;HoÌa BiÌnh;1;Trýa
05/10/2021;ÐaÌ N?ng;1;Trýa
05/10/2021;HaÒi Dýõng;1;Trýa
05/10/2021;HaÌ TiÞnh;1;T?i
05/10/2021;Hýng Yên;6;T?i
05/10/2021;ÐaÌ N?ng;4;T?i
05/10/2021;B?c Giang;3;T?i
05/10/2021;HaÌ N?i;2;T?i
05/10/2021;ViÞnh Phuìc;1;T?i
